{
  "num_vertices": 119,
  "num_edges": 3511,
  "possible_edges": 7021,
  "density": 0.5000712149266486,
  "avg_degree": 59.00840336134454,
  "avg_clustering": 0.7715253509501439,
  "num_components": 1,
  "largest_component_size": 119,
  "diameter": 3,
  "is_quasi_clique": true
}