{
  "num_vertices": 175,
  "num_edges": 7632,
  "possible_edges": 15225,
  "density": 0.5012807881773399,
  "avg_degree": 87.22285714285714,
  "avg_clustering": 0.6316570433019327,
  "num_components": 1,
  "largest_component_size": 175,
  "diameter": 3,
  "is_quasi_clique": true
}