{
  "num_vertices": 132,
  "num_edges": 4325,
  "possible_edges": 8646,
  "density": 0.5002313208420078,
  "avg_degree": 65.53030303030303,
  "avg_clustering": 0.7520358562949141,
  "num_components": 1,
  "largest_component_size": 132,
  "diameter": 4,
  "is_quasi_clique": true
}