{
  "num_vertices": 175,
  "num_edges": 7614,
  "possible_edges": 15225,
  "density": 0.5000985221674877,
  "avg_degree": 87.01714285714286,
  "avg_clustering": 0.6401819465923069,
  "num_components": 1,
  "largest_component_size": 175,
  "diameter": 3,
  "is_quasi_clique": true
}